"おはよう ござい ます 。",1
"おはよう 。",1
"朝 ご飯 食べ た ？",1
"食べ た 。 あなた は ？",1
"顔 洗っ て き た ？",1
"洗っ て き た 。",1
"よく 眠れ た ？",1
"眠れ まし た 。",1
"朝食 は 何 を 食べ ます か ？",1
"パン を 食べよ う と 思い ます 。",1
"朝食 の 準備 は 出来 て い ます か ？",1
"もう少し かかり ます 。",1
"ゴミ 出し を し て き て くれる ？",1
"ちょっと それ は 難しい です 。",1
"顔 は 洗っ て き た ？",1
"大丈夫 です 洗っ て き まし た 。",1
"何 か 飲み ます か ？",1
"コーヒー を 飲み たい です 。",1
"歯磨き は 済ませ た ？",1
"済ませ まし た 。",1
"最近 低 血圧 で 辛い ん だ よ ね",1
"それ は 大変 です ね 。",1
"今日 は 良い 天気 です ね 。",1
"そうですね どこ か へ 行く 予定 が あり ます か ？",1
"どこ か へ 行く 予定 は あり ます か ？",1
"今日 は 家 に いる つもり です 。",1
"雨 が 振っ て い ます ね 。",1
"そう です か ？ 外 を 出る 際 に は 傘 を 忘れ ない よう に し て 下さい 。",1
"朝焼け が 綺麗 です ね 。",1
"おはよう ござい ます 早起き です ね 。",1
"今日 は 涼しい です ね 。",1
"外 に 出る に は ちょうど よい かも 知れ ませ ん ね 。",1
"今日 は 蒸し暑い なぁ 。",1
"水分 補給 は しっかり 取っ た ほう が 良い かも 知れ ませ ん 。",1
"もう 夏 な のに 涼しい ね 。",1
"過ごし やすく て ちょうど よい かも 知れ ませ ん 。",1
"冬 な のに 暖かい な 。",1
"今年 は 雪 が 少な そう です ね 。",1
"今日 は 風 が 強い です ね 。",1
"傘 が 折れ て しまわ ない よう に 気 を つけ て 下さい 。",1
"全然 眠れ なかっ た よ 。",1
"今日 は 無理 し ない ほう が 良い です ね 。",1
"寝苦しい 夜 が 続き ます ね 。",1
"体調 は 大丈夫 です か ？",1
"朝 から 花粉 が 厳しい 。",1
"花粉 の 飛ぶ 季節 です から ね 薬 は 飲み まし た か ？",1
"薬 は 飲み まし た か ？",1
"一応 薬 は 飲ん だ よ 。",1
"多少 は 症状 が 軽減 さ れる と 良い です ね 。",1
"お は よー ！",1
"おはよう ござい ます 元気 が 良い です ね 。",1
"お は よ ！",1
"もう少し 寝かせ て 。",1
"時間 は 大丈夫 です か ？",1
"今日 も 暑い ね 。",1
"こう も 暑い と やる気 が 出 ませ ん ね 。",1
"体 が だるい 。",1
"少し 休ん で は いかが です か ？",1
"ご飯 食べ られ ない 。",1
"今日 は 無理 を し ない ほう が 良い かも 知れ ませ ん 。",1
"最近 体 の 調子 が 良い ん だ よ ね 。",1
"この 調子 が 続く と 良い です ね 。",1
"喉 が 乾い た 。",1
"取り敢えず 何 か 一 口 飲み ましょ う 。",1
"お腹 空い た なぁ 。",1
"何 か 口 に 入れ て は いかが です か ？",1
"今日 は 辛い 一 日 に なり そう だ 。",1
"無理 は し ない で ください ね 。",1
"今日 は 長い 一 日 に なり そう だ 。",1
"大変 そう です が 無茶 は 禁物 です 。",1
"最近 調子 は どう ？",1
"まあ そこそこ といった ところ です 。",1
"朝食 用意 する の 面倒くさい なぁ 。",1
"簡単 な もの で 済ませる という 手 も あり ます ね 。",1
"洋服 どう し たら 良い と 思う ？",1
"難しい です けど 奇 を てらわ ない 方 が 良い と 思い ます 。",1
"今日 は 良い 夢 を 見 た 。",1
"そのまま 良い 一 日 が 過ごせる と 良い です ね 。",1
"今日 は 会社 だ 。",1
"なんとか 乗り切り ましょ う 。",1
"学校 行く の 面倒 。",1
"きっと 楽しい こと も あり ます よ 。",1
"家 から 出 たく ない 。",1
"もう少し だけ 寝 て しまう の も 良い かも 知れ ませ ん 。",1
"眠い なぁ 。",1
"顔 を 洗う と 良い です よ 。",1
"あ ゴミ 出し 忘れ た 。",1
"次 は 忘れ ない よう に し ましょ う 。",1
"ゴミ 捨て し に 行か ない と 。",1
"行っ て らっしゃい ませ 。",1
"行っ て き ます 。",1
"気 を つけ て 。",1
"それ じゃあ 行っ て き ます 。",1
"行っ て らっしゃい 。",1
"今日 も 一 日 頑張っ て き ます 。",1
"応援 し て い ます 。",1
"それ じゃあ 行っ て き ます 。",1
"こんにちは 。",1
"小腹 が 空き まし た ね 。",1
"軽く 軽食 を 取っ て は どう です か ？",1
"小腹 が すき まし た ね 。",1
"食事 の 時間 まで もう少し です 。",1
"喉 が 乾き まし た 。",1
"紅茶 で も 飲み ましょ う 。",1
"お昼 ご飯 は なん です か ？",1
"お気 に 召す まま に 。",1
"今日 は 晴れ まし た ね 。",1
"良い 天気 です ね 。",1
"雨 が 振っ て き そう です 。",1
"傘 を 用意 し た ほう が 良い です ね 。",1
"来る 途中 に 転ん じゃ って 。",1
"それ は お 気の毒 に 。 消毒 は し まし た か ？",1
"消毒 は し まし た か ？",1
"はい 。",1
"そう です か 。",1
"いいえ 。",1
"そう でし た か 。",1
"最近 うまく 行か ない こと が 多く て 。",1
"きっと そのうち 良い こと が あり ます よ 。",1
"最近 調子 が 良い ん だ よ ね 。",1
"それ は 良い です ね 。",1
"休み は 何 を し て いる の ？",1
"本 を 読ん だり 外出 を し たり する こと も あり ます 。",1
"どこ へ 行く の が 好き です か ？",1
"自然 の 多い ところ へ 行く の が 好き です 。",1
"家 で は 普段 何 を し て いる ん です か ？",1
"映画 を 見 たり ゲーム を し たり し ます 。",1
"最近 の 流行り は 何 ？",1
"ちょっと 追い きれ て い ませ ん 。",1
"後半 日 で 終わり だ 。",1
"もう ひと頑張り です 。",1
"お昼 は どこ で 食べよ う 。",1
"簡単 に 済ませる の も 良い と 思い ます 。",1
"豪勢 な お昼 ご飯 を 食べ たい な 。",1
"美味しい 物 を 食べる と 幸せ に なる と 聞き ます 。",1
"もう お腹 いっぱい です 。",1
"少し 休ん だ ほう が 良い と 思い ます 。",1
"よく 食べ た 。",1
"良い こと だ と 思い ます 。",1
"まだ 半日 も ある の か 。",1
"後半 日 じゃ ない です か 。",1
"風 が 気持ち良い です ね 。",1
"過ごし やすく て 良かっ た です 。",1
"綺麗 な 青空 。",1
"なにか 良い こと が あり そう です ね 。",1
"今日 は 少し 暑い な 。",1
"水分 補給 は 十分 に 取っ て 下さい 。",1
"少し 肌寒い 気 が する 。",1
"防寒 対策 は 大丈夫 です か ？",1
"眠気 が 取れ ない 。",1
"昨晩 寝付き が 悪かっ た ん です か ？",1
"よく 眠れ なく て 。",1
"今日 は 無理 を し ない ほう が 良い です ね 。",1
"雲 が 多い 気 が する ね 。",1
"雨 が 振ら ない と 良い の です が 。",1
"午後 は 忙しく なり そう 。",1
"頑張っ て 下さい 。",1
"午前 中 は 疲れ まし た 。",1
"お疲れ様 でし た 。",1
"昼食 は 適当 に 済ませよ う か な ？",1
"栄養 は しっかり 取っ て ください ね 。",1
"サボり たい 。",1
"まあ まあ そう 言わ ず に 。",1
"仕事 の 調子 が 良く ない ん だ 。",1
"そのうち うまく 行き ます よ 。",1
"雪 が 降っ て い ます ね 。",1
"外 を 出る とき は 気 を つけ て 下さい ね 。",1
"綺麗 な 雪景色 。",1
"キラキラ し て い ます ね 。",1
"頭 が よく 回っ て い ない ん だ よ ね 。",1
"仮眠 を 取っ た ほう が 良い と 思い ます 。",1
"また 話し ましょ う 。",1
"そうですね 。",1
"今日 は 少し ゆっくり でき そう 。",1
"今夜 は 焼肉 だ 。",1
"美味し そう です ね 。",1
"それでは また 。",1
"また 。",1
"それ じゃあ また 。",1
"また 今度 。",1
"午後 も 頑張る ぞ 。",1
"今日 は 調子 が 出 なく て 。",1
"そういう 日 も あり ます 。",1
"ちょっと 眠い な 。",1
"少し 仮眠 を とる の も 良い と 思い ます 。",1
"最近 お腹 の 調子 が 悪く て 。",1
"それ は お 気の毒 に 。",1
"勉強 辛い なぁ 。",1
"無理 せ ず 頑張り ましょ う 。",1
"残り の 仕事 も 片付ける ぞ 。",1
"後 少し で 帰れる 。",1
"それ は 嬉しい です ね 。",1
"さて 行っ て き ます 。",1
"いっ て らっしゃい 。",1
"ただいま 。",1
"おかえりなさい 。",1
"宿題 やら なきゃ 。",1
"今日 は 大変 な 一 日 だっ た 。",1
"お腹 空い た 。",1
"早め に 食事 に し ましょ う 。",1
"今日 は 汗 かい た な 。",1
"風邪 を 引か ない よう に 気 を つけ て 下さい 。",1
"ちょっと 体 が 冷える ね 。",1
"暖かく し て 寝 ましょ う 。",1
"蒸し暑い 夜 だ ね 。",1
"少し 冷房 を 入れ た ほう が 良い です ね 。",1
"月 が 綺麗 です ね 。",1
"はい 綺麗 です ね 。",1
"今日 は もう 寝よ う 。",1
"おやすみなさい 。",1
"良い 夢 を 。",1
"今日 は 良い 夢 を 見れ そう 。",1
"そう だ と 良い です ね 。",1
"夕飯 美味しかっ た 。",1
"それ は 良かっ た です ね 。",1
"満腹 。",1
"胃 も たれ し ませ ん でし た か ？",1
"疲れ た 。",1
"ゆっくり 休ん で 下さい 。",1
"外食 に 行こ う か な 。",1
"良い と 思い ます 。",1
"明日 早い ん だ よ ね 。",1
"早く 寝 た ほう が 良い です ね 。",1
"今日 は ゆっくり 眠れ そう 。",1
"しっかり 休ん で 下さい 。",1
"回ら ない 寿司 が 食べ たい 。",1
"良い アイデア です 。",1
"眠い 。",1
"睡眠 は 重要 です 。",1
"早く お 風呂 に 入ろう 。",1
"良い です ね 。",1
"夕飯 食べる 気 に なら ない 。",1
"何 も 食べ ない の は 良く ない と 思い ます 。",1
"明日 は 晴れ そう だ ね 。",1
"明日 は 暑く なら ない と 良い ね 。",1
"こう も 暑い と 辛い です ね 。",1
"今日 は 寒かっ た ね 。",1
"鳥肌 が 立ち まし た 。",1
"今日 は 過ごし やすかっ た 。",1
"こんな 日 が 続く と 良い です ね 。",1
"今日 は 充実 し た 日 だっ た 。",1
"今日 は 蒸し暑かっ た ね 。",1
"茹で 上がり そう でし た 。",1
"蒸し暑く て 眠れ ない なぁ 。",1
"冷房 を つけ て み て は どう です か ？",1
"寒く て 寝 られ ない 。",1
"毛布 を 使う と 良い です ね 。",1
"眠れ ない なぁ 。",1
"羊 の 数 を 数える と 良い です よ 。",1
"明日 は お 休み の 日 だ 。",1
"楽しい 休日 を 。",1
"明日 は 休日 だ 。",1
"明日 も 会社 だ 。",1
"早め に 休ん だ ほう が 良い です ね 。",1
"明日 も 学校 だ 。",1
"明日 は ゆっくり でき そう 。",1
"しっかり 休ん で 置き ましょ う 。",1
"夕飯 は どう しよ う か ？",1
"お 財布 と 相談 し ましょ う 。",1
"お 風呂 に 入る の 面倒くさい 。",1
"入っ た ほう が 良い と 思い ます 。",1
"夕飯 おいしかっ た 。",1
"それ は 良かっ た です 。",1
"ご飯 おいしかっ た 。",1
"お 風呂 気持ちよかっ た 。",1
"なんだか 眠く なっ て き た 。",1
"最近 寝付き が 悪く て 。",1
"枕 を 替え て は どう です か ？",1
"明日 が 楽しみ 。",1
"良い 一 日 に なる と 良い です ね 。",1
"明日 は 不安 だ 。",1
"きっと うまく 行き ます よ 。",1
"また 明日 。",1
"今日 は もう 寝 ます 。",1
"今日 は 早く 寝 ます 。",1
"それ が 良い と 思い ます 。",1
"好き 。",1
"俺 も 。",1
"私 も 。",1
"二 人 で 帰れる の は 良い よ ね 。",1
"そう だ ね 。",1
"今日 疲れ た 。",1
"お疲れ様 。",1
"肩 揉ん で 。",1
"我儘 だ なぁ 。",1
"勉強 大変 だ ね 。",1
"うん 。",1
"そう いえ ば 髪型 替え た ？",1
"うん 似合っ て いる か な ？",1
"よく 似合っ てる よ 。",1
"ありがとう 。",1
"綺麗 だ よ 。",1
"嬉しい 。",1
"格好 良い よ 。",1
"大学 どこ 行く の ？",1
"同じ 所 が 良い 。",1
"私 も それ が 良い 。",1
"今日 は どこ か 寄り道 する ？",1
"時間 大丈夫 ？",1
"大丈夫 。",1
"荷物 持と う か ？",1
"明日 は 一緒 に 学校 に 行く ？",1
"良い ね 。",1
"じゃ あまた 明日 。",1
"また 明日 。",1
"こんにちは 。",1
"今日 は 何 し に 図書 室 に 来 た の ？",1
"勉強 を し に 。",1
"そう な ん だ 。",1
"君 は ？",1
"君 は 何 し に 図書館 に 来 た の ？",1
"本 を 読み に 。",1
"何 を 読み に 来 た の ？",1
"夢 十 夜 っていう 小説 。",1
"どんな 本 な の ？",1
"幻想 的 な 感じ の 本 。",1
"そっち は 何 を 死に 来 た の ？",1
"中間 試験 の 勉強 。",1
"勉強 偉い なぁ 。",1
"どうも 。",1
"試験 の 勉強 。",1
"勉強 頑張っ て ね 。",1
"ありがとう 。",1
"また 会っ た ね 。",1
"うん 。",1
"本 は 読み 終わっ た ？",1
"一応 。",1
"どう だっ た ？",1
"それなり ？",1
"そう 。",1
"勉強 は 順調 ？",1
"順調 。",1
"それ は 良かっ た 。",1
"そう だ 。",1
"何 ？",1
"ねぇ ねぇ 。",1
"呼ん だ ？",1
"途中 まで 一緒 に 帰る ？",1
"まあ 良い けど 。",1
"そう 良かっ た 。",1
"どう やっ て 帰る の ？",1
"僕 は 自転車 。",1
"君 は どう やっ て 帰る の ？",1
"私 は 歩き だ ね 。",1
"あ 雨 降っ て き た 。",1
"どう しよ う 。",1
"傘 ある よ 。",1
"それ じゃあ 私 は ここ で 。",1
"じゃ あまた ね 。",1
"また 。",1
"お っす 。",1
"どうも 。",1
"待っ た ？",1
"いや 全然 待っ て ない よ 。",1
"そう か 良かっ た 。",1
"何 注文 する ？",1
"取り敢えず 飲み物 か な ？",1
"なるほど 。",1
"何 か おすすめ ある ？",1
"いや 特に は 。",1
"みんな 集まっ て いる じゃん 。",1
"今日 暑く ね ？",1
"わかる 。",1
"熱く て 辛い 。",1
"よし よし 。",1
"ありがとう 。",1
"取り敢えず 適当 に 注文 し て おい た 。",1
"どういたしまして 。",1
"俺 アイス 食べ たい 。",1
"良い ん じゃ ない ？",1
"よし 。",1
"涼しい 部屋 に 篭っ て い たい 。",1
"最近 彼女 と は どう な ん だ よ 。",1
"まあ それなり 。",1
"煮え 切ら ない な 。",1
"うるさい な 。",1
"お前 は 彼氏 と どう な ん だ よ 。",1
"普通 。",1
"そう か 。",1
"遅れ て ごめん 。",1
"大丈夫 。",1
"喉 乾い た 。",1
"はい お 水 。",1
"彼氏 出来 た ？",1
"出来る わけ ない じゃん 。",1
"なんで ？",1
"なんで 彼氏 出来 ない の ？",1
"それ は 良い 人 が い ない し 。",1
"俺 とか どう よ ？",1
"コメント は 控える ね 。",1
"そんな 。",1
"夏休み どこ 行く ？",1
"定番 は 海 とか か な 。",1
"それ な 。",1
"海 行こ う 。",1
"水着 どう しよ う か な ？",1
"新しい 水着 買え ば ？",1
"水着 見 たい なぁ 。",1
"目線 が 不純 。",1
"そんな こと は ない 。",1
"アイス 来 た よ 。",1
"やっ た 。",1
"いただき ます 。",1
"美味しい 。",1
"それ は 良かっ た 。",1
"冷たく て 美味しい 。",1
"サーフィン とか し たい な 。",1
"サーフィン 出来る の ？",1
"その 場 で 覚える 。",1
"無理 じゃ ない ？",1
"砂遊び でも する か 。",1
"砂 の お 城 で も 作る の ？",1
"そう 。",1
"浮き 輪 持っ て 行っ た ほう が 良い ？",1
"ある と 良い ね 。",1
"ごちそうさま 。",1
"じゃあ 今日 は お開き で 。",1
"はい 。",1
"じゃあ 来週 。",1
"来週 。",1
"今日 は 寒い な 。",1
"手 が かじかみ そう 。",1
"カイロ が 欲しい 。",1
"わかる 。",1
"うん 。",1
"雪だるま 作り たい 。",1
"可愛い 。",1
"それほど でも 。",1
"今日 寒 過ぎ ない ？",1
"マフラー 買っ た 。",1
"温か そう 。",1
"触っ て み たい ？",1
"触っ て み たい 。",1
"お 触り 禁止 。",1
"そん なぁ 。",1
"最近 眠く て 。",1
"体 が 疲れ て いる の か な ？",1
"そう かも しれ ない 。",1
"ゆっくり 休ん で 。",1
"わかっ た 。",1
"布団 が 恋しい 。",1
"温かい もの が 飲み たい 。",1
"コーヒー とか ？",1
"そう 。",1
"コーヒー は 苦手 。",1
"そう な ん だ 。",1
"こたつ から 出 られ なく ない 。",1
"暖かい 部屋 に 篭っ て い たい 。",1
"おでん 好き 。",1
"おでん の 具 は 何 が 好き ？",1
"大根 とか ？",1
"大根 とか 好き 。",1
"なるほど 。",1
"勉強 面倒くさい 。",1
"頑張っ て 。",1
"ありがとう 。",1
"調子 は どう ？",1
"それなり 。",1
"それ は 良かっ た 。",1
"最近 調子 が 良い ん だ よ ね 。",1
"羨ましい 。",1
"雪 遊び が し たい 。",1
"良い ね 。",1
"本当 ？",1
"本当 。",1
"バイト きつい 。",1
"お疲れ様 。",1
"肉体 労働 が 辛い 。",1
"うん うん 。",1
"慰め て 。",1
"よし よし 。",1
"それ じゃあ また 。",1
"また ね 。",1
"乾杯 。",1
"よろしく 。",1
"よろしく お願い し ます 。",1
"はじめまして 。",1
"合格 おめでとう 。",1
"ありがとう 。",1
"どういたしまして 。",1
"まずは 飲も う 。",1
"飲み すぎ は 良く ない 。",1
"趣味 は 何 ？",1
"読書 。",1
"テニス に 興味 は ある ？",1
"少し は 。",1
"なるほど 。",1
"緊張 し てる ？",1
"結構 。",1
"結構 緊張 し てる 。",1
"多少 は 仕方 ない ね 。",1
"どこ から 来 た の ？",1
"筑波 から 。",1
"出身 は どこ ？",1
"筑波 です 。",1
"学校 に は 慣れ た ？",1
"それ は 良かっ た 。",1
"勉強 大変 そう 。",1
"そんな こと は ない 。",1
"本当 ？",1
"これ 食べ ます ？",1
"ありがとう ござい ます 。",1
"カラオケ 行か ない ？",1
"遠慮 し ます 。",1
"そっ かぁ 。",1
"お 酒 美味しい 。",1
"美味しい 。",1
"今日 も お疲れ様 。",1
"お疲れ様 。",1
"ありがとう 。",1
"お腹 空い た 。",1
"何 も 食べ て ない の か ？",1
"忙しく て 。",1
"そう な ん だ 。",1
"雨 降っ て き た 。",1
"本当に ？",1
"雨 冷たい よ な 。",1
"確か に 冷たい 。",1
"傘 持っ て き た ？",1
"持っ て ない 。",1
"相合い傘 し て 。",1
"どう しよ う か な 。",1
"そこ を なんと か 。",1
"考え て おき ます 。",1
"雨 止ま ない か な 。",1
"どう だろ う 。",1
"わから ない 。",1
"雷 鳴っ て き た 。",1
"怖い なぁ 。",1
"落ち着い て 。",1
"深呼吸 する 。",1
"稲光 凄い 。",1
"凄い 光っ てる 。",1
"電車 止まり そう 。",1
"止まら ない と 良い ね 。",1
"夕飯 何 だろ う 。",1
"普段 は 何 な の ？",1
"普段 は 何 を 食べ てる の ？",1
"ご飯 と か 。",1
"カレー 食べ たい 。",1
"良い ね 。",1
"揚げ物 食べ たい 。",1
"自分 で ご飯 作っ て いる の ？",1
"一応 。",1
"一応 自分 で ご飯 作っ て いる 。",1
"凄い 。",1
"ご飯 は 買っ てる 。",1
"親 が ご飯 を 作っ て くれる 。",1
"料理 は 得意 な の ？",1
"普通 か な 。",1
"料理 は 結構 得意 な ん だ 。",1
"凄い ね 。",1
"料理 は 出来 ない な 。",1
"今日 も 宿題 辛い な 。",1
"わかる 。",1
"勉強 し たく ない 。",1
"無理 し ない で 。",1
"楽し て 成績 上がら ない か な 。",1
"難しい か な 。",1
"努力 し ない と な 。",1
"応援 し て いる 。",1
"最近 宿題 難しい 。",1
"後で 教え て 。",1
"お願い し ます 。",1
"散歩 を し て い たら 犬 と 会っ た ん だ 。",1
"可愛かっ た ？",1
"うん 。",1
"凄い 勢い で 走っ て き た ん だ 。",1
"元気 だ ね 。",1
"そう だ ね 。",1
"飛びつか れ ちゃっ て 。",1
"怪我 し なかっ た ？",1
"大丈夫 だっ た 。",1
"それ は 良かっ た 。",1
"取り敢えず 撫で て おい た 。",1
"餌 を あげ たら 美味し そう に 食べ てる の 。",1
"可愛い ね 。",1
"飼い主 さん に 怒ら れ た 。",1
"あら ら 。",1
"甘やかし 過ぎ は 良く ない 。",1
"それ は そう 。",1
"犬 可愛 よ ね 。",1
"私 も ペット 飼い たい 。",1
"ちゃんと 面倒 見れる の ？",1
"頑張る 。",1
"応援 し て いる 。",1
"猫 も 可愛い 。",1
"わかる 。",1
"猫 は 言う こと 聞か ない 。",1
"そう 言わ れ て いる ね 。",1
"実際 は どう な ん だろ う 。",1
"今度 調べ て みよ う 。",1
"犬 は 躾 が 楽 って 聞く よ ね 。",1
"確か に 。",1
"大きい 犬 と 小さい 犬 どっち が 好き ？",1
"どっち も 好き 。",1
"優柔不断 だ なぁ 。",1
"仕方 ない ね 。",1
"モフモフ し たい 。",1
"ペット ショップ 行き たい 。",1
"犬 って 何 を 食べる の ？",1
"ちょっと わかん ない 。",1
"残念 。",1
"今日 ショッピング モール に 行っ た の 。",1
"どう だっ た ？",1
"今日 デパート に 行っ た の 。",1
"買い物 は どう だっ た ？",1
"楽しかっ た 。",1
"それ は 良かっ た 。",1
"買い物 楽しかっ た 。",1
"何 を 買っ た の ？",1
"小物 。",1
"小物 を 買っ た の ？",1
"気に入っ た ？",1
"洋服 を 買っ た の ？",1
"うん 。",1
"本 が 割引 さ れ て 売っ て た 。",1
"それ は 凄い 。",1
"安かっ た から 買っ ちゃっ た 。",1
"良い ね 。",1
"あそこ の 店 閉店 する みたい 。",1
"それ は 残念 だ ね 。",1
"次に あそこ は 何 の 店 が 入る ん だろ う ね 。",1
"わから ない 。",1
"レストラン で ご飯 を 食べ た の 。",1
"美味しかっ た ？",1
"美味しかっ た 。",1
"その お 店 の パスタ が 凄い 美味しかっ た 。",1
"そこ の 店 の ご飯 が 美味しく なかっ た 。",1
"残念 。",1
"買い たい もの が あっ た ん だ けど お金 が 足り なかっ た 。",1
"お菓子 を 買っ た 。",1
"美味し そう 。",1
"菓子 を 買っ た 。",1
"お 土産 ある よ 。",1
"ありがとう 。",1
"喫茶店 の コーヒー 美味しかっ た 。",1
"ケーキ も 絶品 だっ た 。",1
"新作 の ゲーム 機 を 買っ た ん だ 。",1
"それ は 良い ね 。",1
"新作 の ゲーム を 買っ た ん だ 。",1
"教科書 買っ た ん だ 。",1
"勉強 頑張ろ う ね 。",1
"はい 。",1
"文房具 買っ た ん だ 。",1
"掃除 面倒くさい なぁ 。",1
"汚れ た まま は 良く ない と 思う 。",1
"それ は そう 。",1
"机 片付け ない と 。",1
"力仕事 だ ね 。",1
"怪我 し ない よう に ね 。",1
"うん 。",1
"掃除 機 の 音 うるさく ない ？",1
"そう だ ね 。",1
"拭き掃除 は 苦手 。",1
"手 が 冷たく なる から ね 。",1
"自動 で 掃除 し て 欲しい 。",1
"わかる 。",1
"ルンバ 欲しく ない ？",1
"便利 そう だ よ ね 。",1
"無くし 物 が 見つかる と 良い な 。",1
"見つかる と 良い ね 。",1
"埃 が 溜まっ て いる なぁ 。",1
"綺麗 に し ない と ね 。",1
"ホコリ が 溜まっ て いる なぁ 。",1
"大分 片付い た 。",1
"それ は 良かっ た 。",1
"机 を 戻さ ない と 。",1
"頑張れ 頑張れ 。",1
"布団 干す の 大変 。",1
"落とさ ない よう に ね 。",1
"気 を つける 。",1
"掃除 終わっ た 。",1
"お疲れ様 。",1
"疲れ た 。",1
"ありがとう 。",1
"結構 綺麗 に なっ た 。",1
"それ は 良い ね 。",1
"気持ち良い 。",1
"布団 取り込ま ない と 。",1
"頑張っ て 。",1
"おはよう 。",1
"コーヒー 飲む ？",1
"ありがとう いただき ます 。",1
"どういたしまして 。",1
"朝 ご飯 これ で 良かっ た ？",1
"うん 。",1
"いただき ます 。",1
"今日 は 暑く なる って 。",1
"本当に ？",1
"本当 本当 。",1
"それなら 薄着 の ほう が 良い か な ？",1
"大学 は 冷房 効い て いる でしょ 。",1
"大学 は 冷房 が 効い て いる でしょ 。",1
"確か に 。",1
"そう いえ ば 課題 は 終わら せ た ？",1
"あ 忘れ て た 。",1
"提出 期限 大丈夫 ？",1
"多分 まだ 大丈夫 。",1
"本当 ？",1
"大丈夫 だって 。",1
"そう 。",1
"今日 は バイト ある の ？",1
"ある 。",1
"帰り は 遅く なる と 思う 。",1
"そっ か 。",1
"夕飯 は いる ？",1
"頼ん で も 良い ？",1
"了解 任せ て 。",1
"何 が 食べ たい ？",1
"作れる 物 で 良い よ 。",1
"じゃあ カレー 食べ たい 。",1
"わかっ た 頑張る 。",1
"ありがとう 。",1
"ごちそうさま 。",1
"1 限 ある ん だ っけ ？",1
"うん 。 そろそろ 学校 行か ない と 。",1
"そろそろ 学校 行か ない と 。",1
"お 皿 は 流し に 出し て おい て 。",1
"わかっ た 。",1
"いっ て らっしゃい 。",1
"いっ て き ます 。",1
"寝坊 し た 。",1
"おはよう 。",1
"なん で 起こし て くれ なかっ た の ？",1
"ごめんなさい 。",1
"急が ない と 。",1
"そう だ ね 。",1
"慌て 過ぎ ない よう に ね 。",1
"ありがとう 。",1
"朝 ご飯 食べ ない の ？",1
"時間 が ない から 。",1
"行っ て き ます 。",1
"忘れ物 ない ？",1
"大丈夫 。",1
"いっ て らっしゃい 。",1
"疲れ た 。",1
"お疲れ様 。",1
"遅刻 ギリギリ だ ね 。",1
"すみません 。",1
"夜更し し た ？",1
"そんな こと は ない です 。",1
"危なかっ た 。",1
"セーフ だ ね 。",1
"夜更し し た の ？",1
"そんな こと は ない 。",1
"悪い 夢 で も 見 た ？",1
"見 て ない 。",1
"最近 良く 眠れ なく て 。",1
"枕 替え たら ？",1
"考え て みる 。",1
"宿題 忘れ た 。",1
"あら ら 。",1
"許し て 。",1
"どう しよ う か な 。",1
"そこ を なんと か 。",1
"考え て おき ます 。",1
"珍しい 。",1
"そう だ ね 。",1
"こんばんは 。",1
"今日 は 冷える ね 。",1
"マフラー 似合っ てる 。",1
"ありがとう 。",1
"手袋 も 似合っ てる 。",1
"今日 は 何 を 買い に 来 た の ？",1
"雑誌 を 買い に 来 た 。",1
"そう な ん だ 。",1
"君 は 何 を 買い に 来 た の ？",1
"お菓子 と 飲み物 を 。",1
"この 時間 に お菓子 食べ て 良い の ？",1
"多少 は ね 。",1
"どんな 雑誌 を 買う の ？",1
"ファッション 誌 とか 。",1
"お菓子 は 何 が 好き な の ？",1
"チョコレート と か 。",1
"肉まん も 食べ たい 。",1
"良い ね 。",1
"太ら ない の ？",1
"大丈夫 。",1
"ほんとに ？",1
"その 雑誌 買う ん だ 。",1
"うん 。",1
"良い 趣味 し て いる ね 。",1
"明日 は 学校 だ ね 。",1
"宿題 あっ た っけ ？",1
"わかん ない 。",1
"そっ かぁ 。",1
"学校 面倒 だ な 。",1
"何 か 嫌 な こと で も ある の ？",1
"そういう わけ じゃ ない けど 。",1
"なるほど 。",1
"いじめ られ て ない ？",1
"何 か 奢ろ う か ？",1
"送っ て いこ う か ？",1
"それ じゃあ また 明日 。",1
"また 明日 。",1
"おやすみなさい 。",1
"こんにちは 。",1
"待っ た ？",1
"大丈夫 。",1
"その 服 新しく 買っ た の ？",1
"うん どう か な ？",1
"良い と 思う 。",1
"どう か な ？",1
"ありがとう 。",1
"お腹 すい た 。",1
"何 か 食べよ う か 。",1
"何 を 頼む の ？",1
"ケーキ と コーヒー か な 。",1
"そっち は 何 を 頼む の ？",1
"紅茶 と クッキー か な 。",1
"少し 分け て よ 。",1
"良い よ 。",1
"少し 頂戴 。",1
"どう しよ う か な 。",1
"最近 調子 どう ？",1
"そこそこ だ ね 。",1
"そこそこ 。",1
"何 か 良い こと あっ た 。",1
"いつも 通り だ よ 。",1
"美味しい 。",1
"それ は 良かっ た 。",1
"甘い もの が 好き な の ？",1
"うん 。",1
"最近 ペット を 飼い たく て 。",1
"ペット ？",1
"そう 。",1
"犬 可愛い よ ね 。",1
"わかる 。",1
"ハムスター も 好き 。",1
"そう な ん だ 。",1
"飼う の 大変 そう 。",1
"確か に そう だ ね 。",1
"難しい ね 。",1
"今度 動物 園 に 行く か 。",1
"それ は 良い ね 。",1
"まだ お腹 が 空い た な 。",1
"もっと 食べる ？",1
"そう する 。",1
"お腹 いっぱい 。",1
"最近 姉さん が 厳しく て 。",1
"それ は 大変 だ ね 。",1
"片付け しろ とか 言わ れる 。",1
"なるほど 。",1
"悪い 人 じゃ ない ん だ けど 。",1
"そう だ ね 。",1
"妹 は 可愛い ん だ けど ね 。",1
"最近 妹 に 彼氏 が 出来 た 。",1
"本当に ？",1
"本当 。",1
"その 人 が 凄い 格好 良く て 。",1
"今日 も 家 に 来る って 。",1
"彼 性格 も 良い ん だ よ ね 。",1
"それ は 凄い ね 。",1
"私 も 彼氏 欲しい 。",1
"俺 も 彼女 欲しい 。",1
"ごちそうさま 。",1
"これから 予定 は ？",1
"家 で ゆっくり する 。",1
"君 は これから どう する の ？",1
"買い物 に 行こ う か な 。",1
"いい ね 。",1
"何 を 買う の ？",1
"本 とか か な 。",1
"それ じゃあ また 。",1
"また ね 。",1
"おっ 久しぶり 。",1
"久しぶり 。",1
"隣 良い か ？",1
"良い よ 。",1
"どうも 。",1
"最近 調子 どう よ ？",1
"まあ まあ 。 お前 は どう な ん だ ？",1
"お前 は どう な ん だ ？",1
"普通 だ な 。",1
"つまらない な 。",1
"悪かっ た な 。",1
"ラーメン か 俺 も だ 。",1
"奇遇 だ な 。",1
"いただき ます 。",1
"今日 は もう 授業 終わり か ？",1
"いや 後 少し 。",1
"大変 だ な 。",1
"そんなに 難しい やつ じゃ ない から 平気 。",1
"なるほど 。",1
"お前 は どう な ん だ よ 。",1
"どう と は ？",1
"これから の 予定 。",1
"帰っ て 家事 する だけ だ な 。",1
"洗濯 とか ？",1
"そう 。",1
"今 学期 も 後 少し だ な 。",1
"そう だ な 。",1
"試験 勉強 は 順調 ？",1
"微妙 。",1
"そっ かぁ 。",1
"それなり に は 。",1
"そいつ は 良い な 。",1
"今度 勉強 教え て くれ よ 。",1
"出来る 範囲 なら 。",1
"ごちそうさま でし た 。",1
"もう 食べ 終わっ た の か 。",1
"早く 帰り たい から な 。",1
"そう か 気 を つけ て 。",1
"気 を つけ て 。",1
"はい はい 。",1
"おはよう 。",1
"どっこいしょ 。",1
"おじさん 臭い 。",1
"今日 は 遅刻 し なかっ た じゃん 。",1
"流石 に 毎日 遅刻 は し ない って 。",1
"本当 ？",1
"信用 ない なぁ 。",1
"まあ まあ 。",1
"宿題 やってき た ？",1
"宿題 なんて あっ た っけ ？",1
"忘れ た の ？",1
"忘れ て た 。",1
"宿題 ちょっと だけ 見せ て くれ ない ？",1
"仕方 ない なぁ 。",1
"仕方 が ない なぁ 。",1
"ありがとう 。",1
"どういたしまして 。",1
"この 授業 退屈 だ よ ね 。",1
"その 代わり 楽 に 取れる し 。",1
"単位 は 来る 。 それ は そう 。",1
"問題 は 成績 だ よ ね 。",1
"わかる 。",1
"試験 勉強 し て いる ？",1
"し て ない 。",1
"試験 勉強 し て ない 。",1
"だ よ ね 。",1
"そっち は 試験 勉強 し て いる の ？",1
"いや まだ 。",1
"まあ まだ 時間 ある し 。",1
"後で 痛い 目 に 遭い そう 。",1
"怖い こと 言わ ない で よ 。",1
"その ペン 新しく 買っ た の ？",1
"うん 安かっ た から 。",1
"その 割 に は 良 さ そう だ ね 。",1
"その ペン 良 さ そう だ ね 。",1
"使い勝手 は 良い か な 。",1
"何 か 気に入ら い ない ところ が ある の ？",1
"普通 過ぎる か な 。",1
"そっ かぁ 。",1
"先生 来 た よ 。",1
"本当 だ 。",1
"それ じゃあ また 。",1
"また 。",1
"あ 珍しい 。",1
"どうも 。",1
"こんにちは 。",1
"何 し に この スーパー に 来 た の ？",1
"食材 の 買い出し 。",1
"料理 出来る の ？",1
"多少 は 出来る よ 。",1
"凄い 。",1
"それほど でも 。",1
"何 を 作る の ？",1
"カレー 。",1
"カレー を 作る 。",1
"へぇ 。",1
"カレー の 具 は どう する の ？",1
"豚肉 とか じゃがいも と か 。",1
"定番 だ ね 。",1
"外れ が ない から な 。",1
"そっち は 何 を 買い に 来 た ん だ ？",1
"お菓子 。",1
"お菓子 を 買い に 来 た 。",1
"お やつ か 。",1
"お やつ を 買い に 来 た の か 。",1
"そう 悪い ？",1
"別に 悪い と は 言っ て い ない 。",1
"なら 良い 。",1
"何 買っ た の ？",1
"チョコレート とか クッキー 。",1
"定番 だ な 。",1
"外れ が ない から ね 。",1
"手伝お う か ？",1
"じゃあ 豚肉 を 持っ て き て 。",1
"了解 。",1
"特売 の 奴 で 良い の ？",1
"おう それで 良い よ 。",1
"わかっ た 。",1
"じゃあ 行っ て き ます 。",1
"よろしく 。",1
"持っ て き た よ 。",1
"どうも ありがとう 。",1
"どういたしまして 。",1
"じゃあ 私 は これ で 。",1
"忘れ て いる 物 は ？",1
"大丈夫 。",1
"それ じゃあ また 。",1
"おう 。",1
"ただいま 。",1
"おかえりなさい 。",1
"うん ただいま 。",1
"良い 臭い が する ね 。",1
"おっ 気づい た ？",1
"うん 。",1
"カレー で 合っ て いる ？",1
"そう 。",1
"美味し そう 。",1
"ありがとう 。",1
"早く 食べ たい な 。",1
"手 を 洗っ て から ね 。",1
"はい 。",1
"荷物 預かる よ 。",1
"はい どうぞ 。",1
"いただき ます 。",1
"美味しい 。",1
"本当 ？",1
"本当 。",1
"ごちそうさま でし た 。",1
"ごちそうさま 。",1
"今日 は 大学 どう だっ た ？",1
"いつも 通り だ よ そっち は ？",1
"同じく 。",1
"そっち は どう だっ た 。",1
"今日 宿題 ある ？",1
"ない よ 。",1
"今日 は 宿題 ない よ 。",1
"それなら ゲーム でも する ？",1
"良い ね 。",1
"何 の ゲーム する ？",1
"ボート ゲーム が 良い 。",1
"楽しかっ た 。",1
"うん 楽しかっ た 。",1
"じゃあ そろそろ お 風呂 入っ て くる ね 。",1
"いっ て らっしゃい 。",1
"いっ て き ます 。",1
"おかえり 。",1
"次 お 風呂 どうぞ 。",1
"うん じゃあ お 風呂 いただき ます 。",1
"いい 湯 だっ た 。",1
"ちょっと 眠く なっ て き た 。",1
"私 も 。",1
"私 も 眠く なっ て き た 。",1
"そろそろ 寝 よっ か 。",1
"うん おやすみ 。",1
"おやすみなさい 。",1
"お おはよう 。",1
"おはよう 。",1
"珍しい な こんな 時間 に 。",1
"偶 に は な 。",1
"学校 まで 一緒 に 行く か 。",1
"良い よ 。",1
"今朝 は 涼しい な 。",1
"汗 か か なく て 済ん で ラッキー だ な 。",1
"午後 から は 熱く なる ん だけ っけ ？",1
"確か 熱く なる って 天気 予報 で 言っ て い た な 。",1
"う わぁ 。",1
"わかる 。",1
"学校 に 冷房 つけ て 欲しい よ な 。",1
"それ な 。",1
"帰り アイス 買う か 。",1
"買食い か ？",1
"多少 は 良い だろ 。",1
"まあ 仕方 ない か 。",1
"お前 部活 は ？",1
"今日 は 休み 。",1
"羨ましい な 。",1
"俺 は 午後 から 部活 ある わ 。",1
"それ は お疲れ様 。",1
"部活 の 練習 厳しい ん だって ？",1
"ああ かなり 厳しい 。",1
"やっぱり 監督 が やばい の か 。",1
"あれ は 鬼 だ 。",1
"そいつ は 怖い 。",1
"怖い と 言え ば 数学 の 宿題 が あっ た な 。",1
"宿題 忘れ た の か ？",1
"いや 一応 は 終わら せ て ある 。",1
"一応 。",1
"自信 が な さ そう だ な 。",1
"ちょっと 不安 だ な 。",1
"まあ なんとか なる だろ 。",1
"そう だ と 良い ん だ けど 。",1
"信号 赤 だ ぞ 。",1
"おっ と 危ない 。",1
"注意 しろ よ 。",1
"済まない 気 を つける 。",1
"気 を つけろ よ 。",1
"この 坂道 きつい な 。",1
"確か に きつい な 。",1
"ようやく 着い た 。",1
"お 疲れ 。",1
"お疲れ様 。",1
"それ じゃあ 俺 は 用事 ある から 。",1
"そう か じゃ あまた 。",1
"また な 。",1
"腹 減っ た 。",1
"俺 も 。",1
"だ よ な 。",1
"購買 に 買い に 行く か 。",1
"俺 も そう する か 。",1
"俺 は 弁当 が ある から 。",1
"良い な 。",1
"羨ましい だろ 。",1
"弁当 の 中身 は なん だ ？",1
"コロッケ とか だ な 。",1
"美味し そう だ な 。",1
"実際 美味しい 。",1
"じゃあ 俺 達 は 行っ て くる から 。",1
"いっ てらしゃ い 。",1
"いっ て き ます 。",1
"今日 の 化学 の 実験 凄く 面白かっ た な 。",1
"確か に 。",1
"良い 感じ に 爆発 し た よ な 。",1
"派手 だっ た な 。",1
"わかる 。",1
"次 の 実験 いつ だ っけ ？",1
"来週 くらい じゃ ない ？",1
"そう だ っけ 。",1
"実験 の レポート 書い た ？",1
"まだ だっ た わ 。",1
"後で レポート 見せ て くれ ない ？",1
"了解 。",1
"ただいま 。",1
"おかえり 。",1
"買い たい 物 買え た か ？",1
"勿論 。",1
"俺 は 買え なかっ た わ 。",1
"ご愁傷さま 。",1
"何 買っ た ん だ ？",1
"クリーム パン 買っ た 。",1
"それ は 良い な 。",1
"飲み物 は 何 を 買っ た ん だ ？",1
"コーヒー 買っ た わ 。",1
"良い じゃん 。",1
"それ じゃあ いただき ます 。",1
"いただき ます 。",1
"おかず 分け て くれ よ 。",1
"交換 なら 良い 。",1
"けち くさい なぁ 。",1
"おっ 美味しい 。",1
"どうも 。",1
"これ は どう だ ？",1
"おう 良い な 。",1
"それ は どうも 。",1
"最近 眠気 が 取れ ない 。",1
"睡眠 が 足り て ない ん じゃ ない の か 。",1
"そんな こと は ない 。",1
"本当 か ？",1
"昨日 何 時 に 寝 た ん だ ？",1
"11 時 くらい 。",1
"11 時 くらい に 寝 た 。",1
"まあ 普通 の 睡眠 時間 か な 。",1
"部活 が 厳しい とか か ？",1
"そう かも しれ ない 。",1
"練習 きつい の か 。",1
"結構 な 。",1
"結構 練習 が 厳しい 。",1
"それ は 大変 だ な 。",1
"気遣い どうも 。",1
"どういたしまして 。",1
"午後 の 授業 は 何 だ っけ ？",1
"数学 と 国語 。",1
"勉強 面倒くさい よ な 。",1
"大学 どこ に 行く の 。",1
"自分 の レベル に 合わせる さ 。",1
"そう か 。",1
"成績 良い やつ は 言う こと が 違う な 。",1
"そんなに 成績 良く ない し 。",1
"またまた 。",1
"ごちそうさま 。",1
"ごちそうさま でし た 。",1
"次 の 時間 小 テスト じゃん 。",1
"まじ で ？",1
"テスト 対策 し て ない ん だ けど 。",1
"カンニング さ せ て くれ ない ？",1
"や だ 。",1
"じゃあ 試験 何 が 出る か 教え て 。",1
"知る か 。",1
"試験 内容 なんて 知る か 。",1
"そんな 。",1
"試験 勉強 教え て ？",1
"普段 勉強 し て い ない お前 が 悪い 。",1
"厳しい こと 言う なぁ 。",1
"授業 始まる ぞ 。",1
"まじ か よ 。",1
"まじ だ よ 。",1
"ほら 席 に 戻れ 。",1
"そう だ な 。",1
"じゃ あまた な 。",1
"また 。",1
"いただき ます 。",1
"今日 の 給食 も 美味し そう だ な 。",1
"そう だ な 。",1
"俺 ピーマン 苦手 だ わ 。",1
"子供 っぽい な 。",1
"そんな こと 言う な 。",1
"その おかず 貰っ て 良い ？",1
"駄目 。",1
"けち 臭い なぁ 。",1
"放課後 どこ か 行く ？",1
"本屋 行か ない ？",1
"真面目 。",1
"からかっ て いる の ？",1
"そんな こと は ない って 。",1
"それなら 良い けど 。",1
"俺 達 は ゲーセン 行か ない ？",1
"俺 も 行っ て 良い ？",1
"良い よ 来い よ 。",1
"どうも どうも 。",1
"あの 先生 めっちゃ う ざいんだけど 。",1
"そう か ？",1
"あの 先生 宿題 多く て や だ 。",1
"わかる 。",1
"宿題 面倒くさい なぁ 。",1
"今日 も 宿題 ある ん だ っけ ？",1
"そう 。",1
"宿題 みんな で やる ？",1
"それ 良い ね 。",1
"賛成 。",1
"図書 室 で 集まっ て 課題 やら ない ？",1
"俺 も 参加 し て 良い ？",1
"良い よ 。",1
"ありがとう 。",1
"宿題 教え て よ 。",1
"じゃあ お菓子 奢っ て 。",1
"仕方 ない な 。",1
"ごちそうさま でし た 。",1
"おいおい … 何 だ よ この 大軍 は ！",2
"か … 関係 ねぇ だろ 俺 ら は 鉄火 団 を 抜け た ん だ から 。",2
"そんな こと 向こう が 知る わけ ない だろ 。",2
"俺 ら は 鉄火 団 を 抜け た ん だ から 。",2
"見つかっ たら 狩ら れる ぞ ！",2
"くっ ！ どこ まで 行っ て も 俺 達 は 鉄火 団 って こと な の か よ 。",2
"現状 を 維持 せよ 。",2
"はっ ！",2
"そちら に 一任 する 。",2
"お 任せ 下さい 。",2
"オルガ に 言わ れ たら 戦う よ 。",2
"君 は どう し たい ？",2
"俺 は オルガ の やり たい こと を やる だけ だ 。",2
"オルガ は 関係 ない 。 君 の 意見 を 聞い て いる 。",2
"君 の 意見 を 聞い て いる 。",2
"何 度 言わ せる の 。 オルガ の やり たい こと が 俺 の やり たい こと な ん だ よ 。",2
"なら こっち から 打って出る か ？",2
"馬鹿 野郎 ！ 戦力 差 が あり 過ぎ ん だろ う が 。",2
"どう する ？ 団長 。",2
"戦力 差 が あり 過ぎ ん だろ う が 。",2
"どうも こう も ねぇ 。 逃げる って 決め た ん だ 。",2
"さすが 団長 … 。",2
"何 感心 し て ん だ よ 。",2
"手 なら ある かも しれ ない ぞ 。",2
"は ？",2
"そんな 方法 が ？",2
"まじ か よ 。",2
"すぐ に 確認 し て くれ",2
"おう 分かっ た 。",2
"絶対 に 引く ん じゃ ない ぞ ！",2
"おう … 。",2
"あいつ めちゃくちゃ だ な 。",2
"昔 の オルガ みたい だっ た な 。",2
"でも 半分 うそ だ 。",2
"えっ ？",2
"んじゃ 俺 ら も 行く か 。",2
"おう 。",2
"それ じゃあ 俺 ら も 行く か 。",2
"俺 たち に は 別 の 戦い が ある 。",2
"別 の 戦い の 果て に 何 を 求める ？",2
"今 求め て いる の は 全員 で 生き抜く こと だけ だ 。",2
"いつしか 俺 は それ が 見え なく なっ て い た 。",2
"随分 と 虚しい 気 付き だ な 。",2
"なんと で も 言え よ 。",2
"随分 と 虚しい な 。",2
"仲間 が いれ ば な 。",2
"仲間 … 。",2
"オルガ トンネル を 見つけ た ぞ ！",2
"ほんと か ！ ？",2
"ほんと か ？ ！",2
"手漉き の もの を 集め て すぐ 取り掛かっ て くれ 。",2
"分かっ た 。",2
"手すき の もの を 集め て すぐ 取り掛かっ て くれ 。",2
"まずは トンネル の 復旧 を 急い で くれ 。",2
"了解 だ 。",2
"トンネル の 復旧 を 急い で くれ 。",2
"私 は 今 から ギャラルオルン の 包囲 網 を 単独 で 突破 する 。",2
"何 ！ ？",2
"何 ？ ！",2
"勘違い し ない で 欲しい 。",2
"だが … 。",2
"私 の 目的 の ため に 必要 な 手段 を とる だけ だ 。",2
"これから アドモス商会 に 向かう 。",2
"は ？ どう やっ て … 。",2
"当て が 出来 た 。",2
"どう やっ て … 。",2
"どう やっ て ？",2
"時間 が ねぇ 大 至急 だ ！",2
"私 行か ない 。",2
"ここ から 出 た 方 が 安全 な ん だ 。",2
"みんな を 置い て いく の なんて 嫌 だ よ 。",2
"時間 が ない ん だ アトラ 。",2
"でも だって … 。",2
"行き ましょ う 一緒 に 。",2
"でも だって … 。",2
"三日月 ・ オーガス 私 の 元 に 来 ない か ？",2
"なんで ？",2
"おい 勝手 に うち の 団員 を スカウト し てん じゃ ねぇ よ 。",2
"それ は すま なかっ た 。 では 私 は 行く と しよ う 。",2
"勝手 に うち の 団員 を スカウト し てん じゃ ない よ 。",2
"オルガ 俺 は 出 なく て いい の ？",2
"まだ その とき じゃ ねぇ 。",2
"俺 が 居 ない と オルガ 何やら かすか わかん ない し 。",2
"あの なぁ バルバトス で 街 中 に 突っ込む わけ に は いか ねぇ だろ 。",2
"それ じゃあ 代わり に お前 の 銃 を 貸し て くれ よ 。",2
"これ ？",2
"オルガ それ ちゃんと 返し て ね 。",2
"分かっ て いる よ ミカ 心配 すん な って 。",2
"パターン は ？",2
"バエル です 。",2
"来 た か マクギリス 。",2
"全 軍 現状 を 維持 。 動く な よ 。",2
"しかし 流さ ね ば なら ぬ 血 が ある の なら … 。",2
"無茶 です イオク 様 ！",2
"なん だ よ 戻っ て き た の か ？",2
"しょうが ねぇ だろ 。",2
"副 団長 ！ 団長 たち が 包囲 網 の 突破 に 成功 し まし た 。",2
"そう か 。 よし 俺 ら も 気合い 入れる ぞ ！",2
"団長 たち が 包囲 網 の 突破 に 成功 し まし た 。",2
"よし 俺 ら も 気合い 入れる ぞ ！",2
"おう ！",2
"お前 は 民間 の 情報 統制 を 徹底 しろ 。",2
"それ は もちろん 。",2
"その 声 ！ まさか タカキ ！ ？",2
"えっ ライド ？",2
"その 声 まさか タカキ ？",2
"それ じゃ 地球 まで 行け ば みんな 助かる ん だ 。",2
"ええ 。",2
"それ じゃあ 地球 まで 行け ば みんな 助かる ん だ 。",2
"チャド ライド 裏 に 車 回せ ！",2
"了解 ！",2
"あんた の 夢 叶えろ よ 。",2
"はい 。",2
"団長 ！ 車 の 用意 でき まし た 。",2
"おう じゃあ な 。",2
"はい お気 を つけ て 。",2
"なんか 静か です ね 。",2
"ああ 。",2
"街 の 中 に は ギャラルホルン も 居 ない し 本部 も えらい 違い だ 。",2
"ああ 。 火星 の 戦力 は 軒並み 向こう に 回し てん の かも な 。",2
"火星 の 戦力 は 軒並み 向こう に 回し てん の かも な 。",2
"まっ そんな の もう 関係 ない です けど ね ！",2
"ああ 火星 の 戦力 は 軒並み 向こう に 回し てん の かも な 。",2
"上機嫌 だ な 。",2
"そりゃ そう です よ ！",2
"タカキ も 頑張っ て た し 。",2
"タカキ も 頑張っ て た し 俺 も 頑張ら ない と ！",2
"ぐわっ ！",2
"団長 ？ 何 やっ て ん だ よ ？ 団長 ！",2
"団長 ？ 何 やっ て ん だ よ ？",2
"ぐっ ！ う お ～ ！",2
"何 やっ て ん だ よ ？ 団長 ！",2
"ぐっ ！ う お ～ ！",2
"何 やっ て ん だ よ 団長 ！",2
"なん だ よ 結構 当たん じゃ ねぇ か 。",2
"だ … 団長 … 。",2
"なん だ よ 結構 当たん じゃ ねぇ か 。",2
"なんて 声 出し や がる … 。",2
"だって … だって … 。",2
"団員 を 守る の は 俺 の 仕事 だ",2
"でも ！",2
"謝っ たら 許さ ない 。",2
"ああ 分かっ てる 。",2
"俺 は 止まん ねぇ から よ 。",2
"オルガ ？",2
"お前 ら が 止まん ねぇ 限り その 先 に 俺 は いる ぞ ！",2
"だから よ 止まる ん じゃ ねぇ ぞ … 。",2
"走れ 走れ 新入り 共 ！",2
"ああ ～ 違う 地平 が 見え て き た っす ～ 。",2
"もう 一週 行く か ！ ？",2
"ええ ～ ！ ？",2
"ダンテ ！ 反応 遅い ！",2
"そんな こと 言わ れ て も 。",2
"反応 遅い ！",2
"おい なん か ここ 数 合 わ なく ねぇ か ？",2
"えっ あ あっ … すみません 。",2
"不服 かい ？",2
"そんな こと 口 が 裂け て も 言え やし ませ ん 。",2
"俺 ら は ここ で 終わる つもり は あり ませ ん 。",2
"楽しみ に し てる ぜ 兄弟 。",2
"その 節 は お世話 に なり まし た 。",2
"いえいえ 。",2
"今 は 公 の 場 で の 発言 は 控え たい と 考え て い ます 。",2
"ふむ … なるほど 。",2
"どう でし た ？ 反応 は 。",2
"話 に なら ん 。",2
"あれ が 鉄 華 団 ？",2
"すご ～ い 。",2
"もう 三日月 より 難しい 本 読める よ 。",2
"俺 だって 前 より 読める よう に なっ た し 。",2
"双子 は どう だっ た ？",2
"元気 だっ た よ 。",2
"それ が オルガ の 命令 なら ね 。",2
"ああ 頼む ぜ 遊撃 隊長 。",2
"それに 私 は 過去 に 大きな 問題 を 抱え て い ます 。",2
"ん ？ 問題 ？",2
"ラスタル 様 。",2
"おう 待た せ た な ジュリエッタ 。",2
"肉 を 食っ て 帰る ぞ 。",2
"肉 ！ 私 は 大 好物 です ！",2
"火星 側 は どう 出る でしょ う か ？",2
"問題 ない 。",2
"なるほど 。",2
"それに あそこ に は 頼り に なる 味方 も いる 。",2
"ご 友人 です か ？",2
"あそこ に は 頼り に なる 味方 も いる 。",2
"頼り に なる 味方 も いる 。",2
"団長 から 連絡 が 来 た 。",2
"連絡 ？",2
"こんな 所 に いたん じゃ 手柄 も 立て らん ねぇ ！",2
"お … おう 。",2
"こんな 所 に いたん じゃ 手柄 も 立て られ ねぇ ！",2
"隊長 これ って ！",2
"やっぱり 来 や がっ た か 。",2
"モビルスーツ・・・モビルスーツ だ ！",2
"逃げ なきゃ ！",2
"モビルスーツ だ ！",2
"待た せ た な てめぇ ら ！",2
"遅 ぇんだよ ！",2
"そんな 慌て なく て も … 。",2
"何 の ん きなこ と 言っ て ん だ ！",2
"そんな 慌て なく て も 。",2
"行く ぞ ！",2
"おう ！",2
"でも モビルスーツ の 相手 なんて … 。",2
"やる しか ねぇ だろ ！",2
"でも モビルスーツ の 相手 なんて 。",2
"よう ミカ 。 おかえり 。",2
"うん 。 ただいま 。",2
"バルバトス・・・",2
"あれ が ？",2
"あっ 待っ て 。",2
"なんで だ よ ？",2
"貴様 に 手の内 を 明かす 必要 は ない 。",2
"はあ ？",2
"手の内 を 明かす 必要 は ない 。",2
"調子 乗っ て んじゃ ねぇ よ ダンテ 。",2
"別 に 乗っ て ねぇ よ ！",2
"調子 乗っ て んじゃ ねぇ よ 。",2
"お 久しぶり です 。",2
"うん 久しぶり 。",2
"お 元気 でし た か ？",2
"うん 。",2
"信用 し て は もらえ ない か な ？",2
"もともと あんた を 信用 なんて し ちゃ い ない 。",2
"分かっ た 好き に やれ 。",2
"はい 。",2
"味 どう です か ？",2
"うまい 。",2
"ほんと です か ！",2
"寂しく ない の か ？",2
"ん ？",2
"いじめ られ て なかっ た ？",2
"私 いじめ られ っ子 じゃ ない よ ！",2
"もう いい です 。",2
"なんか ごめん 。",2
"なんか ごめん な 。",2
"いえ 。",2
"死ぬ の は 怖く ない の か ？",2
"怖く ない ヤツ いん の か ？",2
"大漁 大漁 ！",2
"大漁 ～ ！",2
"ダメ だっ た ん だ よ 俺 は 。",2
"やめろ って ！",2
"俺 は ダメ だっ た ん だ よ 。",2
"よう ここ に い た の か ミカ 。",2
"オルガ どう し た の ？",2
"頼む ぜ ミカ 。",2
"ほら これ ！",2
"これ は … 。",2
"早く 終わる と いい ん です が ね 。",2
"ええ 。",2
"楽 で いい じゃ ない です か 。",2
"まあ ね 。",2
"聞い て たより 早い な 。",2
"悪い か よ 。",2
"悪い です 。",2
"休め って 言わ れ て 暇 な ん だ よ 。",2
"なん だ 俺 と 一緒 か 。",2
"暇 な ん だ よ 。",2
"大丈夫 。 オルガ の 道 は 俺 が 作る よ 。",2
"ああ 頼り に し てる ぜ いつも どおり な 。",2
"オルガ の 道 は 俺 が 作る よ 。",2
"援護 する 。",2
"そう 。 じゃあ お願い 。",2
"うん 頼む 。",2
"任せ とけ ！",2
"ヤツ ら は なん だ ？",2
"存じ上げ ませ ん 。",2
"ミカ 見え てる か ？",2
"援護 し て やっ てる ん だ ぞ ！",2
"いり ませ ん 。",2
"すま ない 抜か れ た 。",2
"別に 期待 し て ない よ 。",2
"これ で 終わり で は ない ぞ ！",2
"何 言っ て ん だ 。",2
"この 落とし前 あんた どう つける つもり だ ？",2
"ま … 待ち たまえ 。",2
"おい しっかり 見張れ よ 。",2
"は … はい 。",2
"さてと … 帰る か 。",2
"眠れ ない ん です か ？",2
"いえ 今日 は まだ 眠り たく ない ん です 。",2
"元気 そう で 何より だ 。",2
"そっち は なんか 疲れ てる ね 。",2
"旅 の 疲れ だろ う 。",2
"あんた の 側 に 乗っ て やる 。",2
"では 共に 駆け 上がろ う か 。",2
"俺 好き だ な 地球 。",2
"俺 も 同意 。",2
"すっごく 似合っ て ます よ 。",2
"そ … そう か ？",2
"すぐ ご飯 の 支度 する から 。",2
"いい よ 俺 作る から 。",2
"私 ここ 大好き だ よ 。",2
"ああ 俺 も 大好き だ 。",2
"お前 も 行く か ？",2
"いや … いい や 。",2
"痩せ た ？",2
"えっ そう か ？",2
"ラスタル を 信用 し てる ん だ な 。",2
"当たり前 です 。",2
"被害 の 状況 は ？",2
"分から ん 。",2
"あなた 何者 な の です か ？",2
"ふむ … なん な の だろ う な 。",2
"眠れ ない か ？",2
"さすが に ね 。",2
"ここ は 片づい た か 。",2
"准 将 お 見事 です 。",2
"一緒 に 帰ろ う 。",2
"ああ 約束 だ 。",2
"合図 で 仕掛ける 。",2
"分かっ た 。",2
"しら を 切れる なんて 思う な よ 。",2
"ち … 違う ん です 。",2
"傭兵 は 傭兵 らしく 次 の 戦場 へ 向かう と しよ う 。",2
"望む ところ です 。",2
"話 を さ せ て ください 。",2
"話し て どう する の ？",2
"それ は お 褒め いただい て いる の です か ？",2
"もちろん 。",2
"今日 は よく しゃべる な 。",2
"浮かれ て いる の かも しれ ない な 。",2
"悪い 待た せ た な 。",2
"あんた を 待つ の も 私 にとって は 楽しみ の 一つ さ 。",2
"迷惑 な ん だ けど 。",2
"気 に し ない で ください 。",2
"始め て くれ 。",2
"じゃあ 金 いら ない ん です か ？",2
"え ？ そりゃ あっ た 方 が いい でしょ 。",2
"止める 方法 は ？",2
"起動 し て しまっ た 以上 破壊 する しか ない 。",2
"できる な ？",2
"お 任せ を 。",2
"期待 し て いる 。",2
"急い で くれ 。",2
"分かり まし た 。",2
"それで いい の か ？",2
"しかた ない だろ 。",2
"すま なかっ た 。",2
"いら ない 邪魔 。",2
"分かっ てる つもり です 。",2
"そう か なら いい 。",2
"三日月 と 子供 つくっ て ほしい ん です ！",2
"えっ ？",2
"調子 は ？",2
"普通 。",2
"謝っ たら 許さ ない 。",2
"分かっ てる 謝ら ねぇ よ 。",2
"元気 で な 。",2
"じゃあ 俺 と つくる ？",2
"どの くらい ？",2
"徹底的 に だ 。",2
"お願い し ます 。",2
"任せ て おけ 。",2
"まだ な の ？",2
"すま ない 。",2
"手 を 貸し て くれる な ？",2
"寝 て た ？",2
"ううん どう し た の ？",2
"あなた の 相手 は この 私 です ！",2
"誰 が 決め た の ？",2
"無論 私 が ！",2
"手筈 どおり に 頼む ぞ 。",2
"分かっ てる って 。",2
"おかえりなさい 三日月 。",2
"うん ただいま 。",2
"どうして 泣い てる の ？",2
"不思議 な 気持ち な ん です 。",2
"君 は どう し たい ？",2
"俺 は オルガ の やり たい こと を やる だけ だ 。",2
"君 の 意見 を 聞い て いる 。",2
"何 度 言わ せ ん の 。",2
"どう する ？",2
"逃げる だけ だ 。",2
"ああ 分かっ てる 。",2